{	"bones": [		{			"name": "root"		},		{			"name": "Body",			"parent": "root",			"enabled": true,			"x": 441.5,			"y": -617.5		},		{			"name": "Feet_Left",			"parent": "Body",			"enabled": true,			"x": -48,			"y": -100		},		{			"name": "Feet_Right",			"parent": "Body",			"enabled": true,			"x": 37.5,			"y": -102		},		{			"name": "Necktie",			"parent": "Body",			"enabled": true,			"x": 4,			"y": 36		},		{			"name": "Shadow",			"parent": "Body",			"enabled": true,			"x": -77.5,			"y": -109.5		},		{			"name": "head",			"parent": "Body",			"enabled": true,			"x": 2,			"y": 57		},		{			"name": "Mouth",			"parent": "head",			"enabled": true,			"x": -3.5,			"y": 135		},		{			"name": "Nose",			"parent": "head",			"enabled": true,			"x": 2,			"y": 155		},		{			"name": "ear_Left",			"parent": "head",			"enabled": true,			"x": -134.5,			"y": 316		},		{			"name": "ear_Right",			"parent": "head",			"enabled": true,			"x": 144,			"y": 309.5		},		{			"name": "eyeL",			"parent": "head",			"enabled": true,			"x": -55,			"y": 234		},		{			"name": "eyeL_inside",			"parent": "head",			"enabled": true,			"x": -19.5,			"y": 242.5		},		{			"name": "eyeR",			"parent": "head",			"enabled": true,			"x": 68,			"y": 233		},		{			"name": "eyeR_inside",			"parent": "head",			"enabled": true,			"x": 27,			"y": 247		},		{			"name": "hand_Left",			"parent": "head",			"enabled": true,			"x": -76,			"y": 15.5		},		{			"name": "hand_Right",			"parent": "head",			"enabled": true,			"x": 82,			"y": 23.5		}	],	"slots": [		{			"name": "Shadow",			"bone": "Shadow",			"attachment": "Monster-assets/Monster/Shadow",			"color": "FFFFFF33"		},		{			"name": "Feet_Right",			"bone": "Feet_Right",			"attachment": "Monster-assets/Monster/Feet_Right"		},		{			"name": "Feet_Left",			"bone": "Feet_Left",			"attachment": "Monster-assets/Monster/Feet_Left"		},		{			"name": "Body",			"bone": "Body",			"attachment": "Monster-assets/Monster/Body"		},		{			"name": "hand_Right",			"bone": "hand_Right",			"attachment": "Monster-assets/Monster/hand_Right"		},		{			"name": "hand_Left",			"bone": "hand_Left",			"attachment": "Monster-assets/Monster/hand_Left"		},		{			"name": "head",			"bone": "head",			"attachment": "Monster-assets/Monster/head"		},		{			"name": "Necktie",			"bone": "Necktie",			"attachment": "Monster-assets/Monster/Necktie"		},		{			"name": "eyeR",			"bone": "eyeR",			"attachment": "Monster-assets/Monster/eyeR"		},		{			"name": "eyeL",			"bone": "eyeL",			"attachment": "Monster-assets/Monster/eyeL"		},		{			"name": "eyeL_inside",			"bone": "eyeL_inside",			"attachment": "Monster-assets/Monster/eyeL_inside"		},		{			"name": "eyeR_inside",			"bone": "eyeR_inside",			"attachment": "Monster-assets/Monster/eyeR_inside"		},		{			"name": "Mouth",			"bone": "Mouth",			"attachment": "Monster-assets/Monster/Mouth"		},		{			"name": "Nose",			"bone": "Nose",			"attachment": "Monster-assets/Monster/Nose"		},		{			"name": "ear_Right",			"bone": "ear_Right",			"attachment": "Monster-assets/Monster/ear_Right"		},		{			"name": "ear_Left",			"bone": "ear_Left",			"attachment": "Monster-assets/Monster/ear_Left"		}	],	"skins": {		"default": {			"Shadow": {				"Monster-assets/Monster/Shadow": {					"x": 0,					"y": 0,					"width": 384,					"height": 192				}			},			"Feet_Right": {				"Monster-assets/Monster/Feet_Right": {					"x": 10,					"y": -48,					"width": 64,					"height": 115				}			},			"Feet_Left": {				"Monster-assets/Monster/Feet_Left": {					"x": -4,					"y": -50,					"width": 65,					"height": 115				}			},			"Body": {				"Monster-assets/Monster/Body": {					"x": 0,					"y": 0,					"width": 147,					"height": 229				}			},			"hand_Right": {				"Monster-assets/Monster/hand_Right": {					"x": 6,					"y": -46,					"width": 53,					"height": 126				}			},			"hand_Left": {				"Monster-assets/Monster/hand_Left": {					"x": -14,					"y": -50,					"width": 53,					"height": 126				}			},			"head": {				"Monster-assets/Monster/head": {					"x": 0,					"y": 178,					"width": 339,					"height": 363				}			},			"Necktie": {				"Monster-assets/Monster/Necktie": {					"x": 0,					"y": 0,					"width": 133,					"height": 69				}			},			"eyeR": {				"Monster-assets/Monster/eyeR": {					"x": 0,					"y": 0,					"width": 135,					"height": 139				}			},			"eyeL": {				"Monster-assets/Monster/eyeL": {					"x": 0,					"y": 0,					"width": 135,					"height": 139				}			},			"eyeL_inside": {				"Monster-assets/Monster/eyeL_inside": {					"x": 0,					"y": 0,					"width": 18,					"height": 18				}			},			"eyeR_inside": {				"Monster-assets/Monster/eyeR_inside": {					"x": 0,					"y": 0,					"width": 27,					"height": 27				}			},			"Mouth": {				"Monster-assets/Monster/Mouth": {					"x": 0,					"y": 0,					"width": 256,					"height": 109				}			},			"Nose": {				"Monster-assets/Monster/Nose": {					"x": 0,					"y": 0,					"width": 129,					"height": 71				}			},			"ear_Right": {				"Monster-assets/Monster/ear_Right": {					"x": 0,					"y": 0,					"width": 79,					"height": 150				}			},			"ear_Left": {				"Monster-assets/Monster/ear_Left": {					"x": 0,					"y": 0,					"width": 80,					"height": 149				}			}		}	},	"animations": {		"animation": {			"bones": {				"Feet_Right": {					"rotate": [						{							"time": 0,							"test0": 0,							"test1": 0,							"tangentType": "linear",							"angleExactly": 0,							"angle": 0,							"angleinAEP": 0						},						{							"time": 0.36666666666667,							"test0": 0,							"test1": 0,							"tangentType": "linear",							"angleExactly": 52,							"angle": 52,							"angleinAEP": -52						},						{							"time": 0.76666666666667,							"test0": 0,							"test1": 0,							"tangentType": "linear",							"angleExactly": 0,							"angle": 0,							"angleinAEP": 0						}					]				},				"hand_Left": {					"rotate": [						{							"time": 0,							"test0": 0,							"test1": 0,							"tangentType": "linear",							"angleExactly": 0,							"angle": 0,							"angleinAEP": 0						},						{							"time": 0.36666666666667,							"test0": 0,							"test1": 0,							"tangentType": "linear",							"angleExactly": 33,							"angle": 33,							"angleinAEP": -33						},						{							"time": 0.76666666666667,							"test0": 0,							"test1": 0,							"tangentType": "linear",							"angleExactly": 0,							"angle": 0,							"angleinAEP": 0						}					]				},				"head": {					"scale": [						{							"time": 0,							"x": 1,							"y": 1						},						{							"time": 0.36666666666667,							"x": 1.11,							"y": 1.11						},						{							"time": 0.76666666666667,							"x": 1,							"y": 1						}					],					"rotate": [						{							"time": 0,							"test0": 0,							"test1": 0,							"tangentType": "linear",							"angleExactly": 0,							"angle": 0,							"angleinAEP": 0						},						{							"time": 0.36666666666667,							"test0": 0,							"test1": 0,							"tangentType": "linear",							"angleExactly": 21,							"angle": 21,							"angleinAEP": -21						},						{							"time": 0.76666666666667,							"test0": 0,							"test1": 0,							"tangentType": "linear",							"angleExactly": 0,							"angle": 0,							"angleinAEP": 0						}					]				}			},			"slots": {							}		}	}}