{	"bones": [		{			"name": "root"		},		{			"name": "Achievement",			"parent": "root",			"enabled": true,			"x": 869.5,			"y": -801.5		},		{			"name": "Fire_[1-15]",			"parent": "root",			"enabled": true,			"x": 872,			"y": -812.5,			"scaleX": 1.5,			"scaleY": 1.5		}	],	"slots": [		{			"name": "Achievement",			"bone": "Achievement",			"attachment": "Achivement-assets/MenuUI/Achievement"		},		{			"name": "Fire_[1-15]",			"bone": "Fire_[1-15]",			"attachment": "Achivement-assets/op/Sample/Effect/Fire_1"		}	],	"skins": {		"default": {			"Achievement": {				"Achivement-assets/MenuUI/Achievement": {					"x": 0,					"y": 0,					"width": 265,					"height": 257				}			},			"Fire_[1-15]": {				"Achivement-assets/op/Sample/Effect/Fire_1": {					"x": 0,					"y": 0,					"width": 197,					"height": 199				},				"Achivement-assets/op/Sample/Effect/Fire_10": {					"x": 0,					"y": 0,					"width": 197,					"height": 199				},				"Achivement-assets/op/Sample/Effect/Fire_11": {					"x": 0,					"y": 0,					"width": 197,					"height": 199				},				"Achivement-assets/op/Sample/Effect/Fire_12": {					"x": 0,					"y": 0,					"width": 197,					"height": 199				},				"Achivement-assets/op/Sample/Effect/Fire_13": {					"x": 0,					"y": 0,					"width": 197,					"height": 199				},				"Achivement-assets/op/Sample/Effect/Fire_14": {					"x": 0,					"y": 0,					"width": 197,					"height": 199				},				"Achivement-assets/op/Sample/Effect/Fire_15": {					"x": 0,					"y": 0,					"width": 197,					"height": 199				},				"Achivement-assets/op/Sample/Effect/Fire_2": {					"x": 0,					"y": 0,					"width": 197,					"height": 199				},				"Achivement-assets/op/Sample/Effect/Fire_3": {					"x": 0,					"y": 0,					"width": 197,					"height": 199				},				"Achivement-assets/op/Sample/Effect/Fire_4": {					"x": 0,					"y": 0,					"width": 197,					"height": 199				},				"Achivement-assets/op/Sample/Effect/Fire_5": {					"x": 0,					"y": 0,					"width": 197,					"height": 199				},				"Achivement-assets/op/Sample/Effect/Fire_6": {					"x": 0,					"y": 0,					"width": 197,					"height": 199				},				"Achivement-assets/op/Sample/Effect/Fire_7": {					"x": 0,					"y": 0,					"width": 197,					"height": 199				},				"Achivement-assets/op/Sample/Effect/Fire_8": {					"x": 0,					"y": 0,					"width": 197,					"height": 199				},				"Achivement-assets/op/Sample/Effect/Fire_9": {					"x": 0,					"y": 0,					"width": 197,					"height": 199				}			}		}	},	"animations": {		"animation": {			"bones": {							},			"slots": {				"Fire_[1-15]": {					"attachment": [						{							"time": 0.03125,							"name": "Achivement-assets/op/Sample/Effect/Fire_10"						},						{							"time": 0.0625,							"name": "Achivement-assets/op/Sample/Effect/Fire_11"						},						{							"time": 0.09375,							"name": "Achivement-assets/op/Sample/Effect/Fire_12"						},						{							"time": 0.125,							"name": "Achivement-assets/op/Sample/Effect/Fire_13"						},						{							"time": 0.15625,							"name": "Achivement-assets/op/Sample/Effect/Fire_14"						},						{							"time": 0.1875,							"name": "Achivement-assets/op/Sample/Effect/Fire_15"						},						{							"time": 0.21875,							"name": "Achivement-assets/op/Sample/Effect/Fire_2"						},						{							"time": 0.25,							"name": "Achivement-assets/op/Sample/Effect/Fire_3"						},						{							"time": 0.28125,							"name": "Achivement-assets/op/Sample/Effect/Fire_4"						},						{							"time": 0.3125,							"name": "Achivement-assets/op/Sample/Effect/Fire_5"						},						{							"time": 0.34375,							"name": "Achivement-assets/op/Sample/Effect/Fire_6"						},						{							"time": 0.375,							"name": "Achivement-assets/op/Sample/Effect/Fire_7"						},						{							"time": 0.40625,							"name": "Achivement-assets/op/Sample/Effect/Fire_8"						},						{							"time": 0.4375,							"name": "Achivement-assets/op/Sample/Effect/Fire_9"						},						{							"time": 0.5,							"name": null						}					]				}			}		}	}}