{	"bones": [		{			"name": "root"		},		{			"name": "Coin_Bar",			"parent": "root",			"enabled": true,			"x": 653.5,			"y": -101.5		},		{			"name": "Coin_Buy_normal",			"parent": "root",			"enabled": true,			"x": 797,			"y": -107.5		},		{			"name": "pointlightblue-vi",			"parent": "root",			"enabled": true,			"x": 479,			"y": -93.5,			"scaleX": 0.45,			"scaleY": 0.45		}	],	"slots": [		{			"name": "Coin_Bar",			"bone": "Coin_Bar",			"attachment": "Coins-assets/MenuUI/Coin_Bar"		},		{			"name": "Coin_Buy_normal",			"bone": "Coin_Buy_normal",			"attachment": "Coins-assets/MenuUI/Coin_Buy_normal"		},		{			"name": "pointlightblue-vi",			"bone": "pointlightblue-vi",			"attachment": "Coins-assets/pointlightblue-vi"		}	],	"skins": {		"default": {			"Coin_Bar": {				"Coins-assets/MenuUI/Coin_Bar": {					"x": 0,					"y": 0,					"width": 379,					"height": 167				}			},			"Coin_Buy_normal": {				"Coins-assets/MenuUI/Coin_Buy_normal": {					"x": 0,					"y": 0,					"width": 96,					"height": 99				}			},			"pointlightblue-vi": {				"Coins-assets/pointlightblue-vi": {					"x": 0,					"y": 0,					"width": 300,					"height": 255				}			}		}	},	"animations": {		"animation": {			"bones": {				"pointlightblue-vi": {					"translate": [						{							"time": 0,							"x": 479,							"y": -93.5						},						{							"time": 0.16666666666667,							"x": 485,							"y": -73.5						},						{							"time": 0.33333333333333,							"x": 494,							"y": -54.5						},						{							"time": 0.5,							"x": 513,							"y": -34.5						},						{							"time": 0.66666666666667,							"x": 537,							"y": -28.5						},						{							"time": 0.83333333333333,							"x": 562,							"y": -34.5						},						{							"time": 1,							"x": 584,							"y": -51.5						},						{							"time": 1.16666666666667,							"x": 593,							"y": -79.5						},						{							"time": 1.33333333333333,							"x": 591,							"y": -112.5						},						{							"time": 1.5,							"x": 580,							"y": -135.5						},						{							"time": 1.66666666666667,							"x": 563,							"y": -151.5						},						{							"time": 1.83333333333333,							"x": 538,							"y": -161.5						},						{							"time": 2,							"x": 511,							"y": -155.5						},						{							"time": 2.16666666666667,							"x": 491,							"y": -141.5						},						{							"time": 2.33333333333333,							"x": 482,							"y": -123.5						},						{							"time": 2.5,							"x": 479,							"y": -93.5						}					],					"rotate": [						{							"time": 0,							"test0": 0,							"test1": 0,							"tangentType": "linear",							"angleExactly": 0,							"angle": 0,							"angleinAEP": 0						},						{							"time": 0.01243781094527,							"test0": 0,							"test1": 0,							"tangentType": "linear",							"angleExactly": 0,							"angle": -179.10447761194,							"angleinAEP": 36000						},						{							"time": 0.02487562189055,							"test0": 0,							"test1": 0,							"tangentType": "linear",							"angleExactly": 0,							"angle": -358.208955223881,							"angleinAEP": 36000						},						{							"time": 0.03731343283582,							"test0": 0,							"test1": 0,							"tangentType": "linear",							"angleExactly": 0,							"angle": -177.313432835821,							"angleinAEP": 36000						},						{							"time": 0.04975124378109,							"test0": 0,							"test1": 0,							"tangentType": "linear",							"angleExactly": 0,							"angle": -356.417910447761,							"angleinAEP": 36000						},						{							"time": 0.06218905472637,							"test0": 0,							"test1": 0,							"tangentType": "linear",							"angleExactly": 0,							"angle": -175.522388059701,							"angleinAEP": 36000						},						{							"time": 0.07462686567164,							"test0": 0,							"test1": 0,							"tangentType": "linear",							"angleExactly": 0,							"angle": -354.626865671642,							"angleinAEP": 36000						},						{							"time": 0.08706467661692,							"test0": 0,							"test1": 0,							"tangentType": "linear",							"angleExactly": 0,							"angle": -173.731343283582,							"angleinAEP": 36000						},						{							"time": 0.09950248756219,							"test0": 0,							"test1": 0,							"tangentType": "linear",							"angleExactly": 0,							"angle": -352.835820895522,							"angleinAEP": 36000						},						{							"time": 0.11194029850746,							"test0": 0,							"test1": 0,							"tangentType": "linear",							"angleExactly": 0,							"angle": -171.940298507463,							"angleinAEP": 36000						},						{							"time": 0.12437810945274,							"test0": 0,							"test1": 0,							"tangentType": "linear",							"angleExactly": 0,							"angle": -351.044776119403,							"angleinAEP": 36000						},						{							"time": 0.13681592039801,							"test0": 0,							"test1": 0,							"tangentType": "linear",							"angleExactly": 0,							"angle": -170.149253731343,							"angleinAEP": 36000						},						{							"time": 0.14925373134328,							"test0": 0,							"test1": 0,							"tangentType": "linear",							"angleExactly": 0,							"angle": -349.253731343284,							"angleinAEP": 36000						},						{							"time": 0.16169154228856,							"test0": 0,							"test1": 0,							"tangentType": "linear",							"angleExactly": 0,							"angle": -168.358208955224,							"angleinAEP": 36000						},						{							"time": 0.17412935323383,							"test0": 0,							"test1": 0,							"tangentType": "linear",							"angleExactly": 0,							"angle": -347.462686567164,							"angleinAEP": 36000						},						{							"time": 0.1865671641791,							"test0": 0,							"test1": 0,							"tangentType": "linear",							"angleExactly": 0,							"angle": -166.567164179105,							"angleinAEP": 36000						},						{							"time": 0.19900497512438,							"test0": 0,							"test1": 0,							"tangentType": "linear",							"angleExactly": 0,							"angle": -345.671641791045,							"angleinAEP": 36000						},						{							"time": 0.21144278606965,							"test0": 0,							"test1": 0,							"tangentType": "linear",							"angleExactly": 0,							"angle": -164.776119402985,							"angleinAEP": 36000						},						{							"time": 0.22388059701493,							"test0": 0,							"test1": 0,							"tangentType": "linear",							"angleExactly": 0,							"angle": -343.880597014925,							"angleinAEP": 36000						},						{							"time": 0.2363184079602,							"test0": 0,							"test1": 0,							"tangentType": "linear",							"angleExactly": 0,							"angle": -162.985074626866,							"angleinAEP": 36000						},						{							"time": 0.24875621890547,							"test0": 0,							"test1": 0,							"tangentType": "linear",							"angleExactly": 0,							"angle": -342.089552238806,							"angleinAEP": 36000						},						{							"time": 0.26119402985075,							"test0": 0,							"test1": 0,							"tangentType": "linear",							"angleExactly": 0,							"angle": -161.194029850746,							"angleinAEP": 36000						},						{							"time": 0.27363184079602,							"test0": 0,							"test1": 0,							"tangentType": "linear",							"angleExactly": 0,							"angle": -340.298507462687,							"angleinAEP": 36000						},						{							"time": 0.28606965174129,							"test0": 0,							"test1": 0,							"tangentType": "linear",							"angleExactly": 0,							"angle": -159.402985074626,							"angleinAEP": 36000						},						{							"time": 0.29850746268657,							"test0": 0,							"test1": 0,							"tangentType": "linear",							"angleExactly": 0,							"angle": -338.507462686567,							"angleinAEP": 36000						},						{							"time": 0.31094527363184,							"test0": 0,							"test1": 0,							"tangentType": "linear",							"angleExactly": 0,							"angle": -157.611940298508,							"angleinAEP": 36000						},						{							"time": 0.32338308457711,							"test0": 0,							"test1": 0,							"tangentType": "linear",							"angleExactly": 0,							"angle": -336.716417910447,							"angleinAEP": 36000						},						{							"time": 0.33582089552239,							"test0": 0,							"test1": 0,							"tangentType": "linear",							"angleExactly": 0,							"angle": -155.820895522388,							"angleinAEP": 36000						},						{							"time": 0.34825870646766,							"test0": 0,							"test1": 0,							"tangentType": "linear",							"angleExactly": 0,							"angle": -334.925373134329,							"angleinAEP": 36000						},						{							"time": 0.36069651741294,							"test0": 0,							"test1": 0,							"tangentType": "linear",							"angleExactly": 0,							"angle": -154.029850746268,							"angleinAEP": 36000						},						{							"time": 0.37313432835821,							"test0": 0,							"test1": 0,							"tangentType": "linear",							"angleExactly": 0,							"angle": -333.134328358209,							"angleinAEP": 36000						},						{							"time": 0.38557213930348,							"test0": 0,							"test1": 0,							"tangentType": "linear",							"angleExactly": 0,							"angle": -152.238805970149,							"angleinAEP": 36000						},						{							"time": 0.39800995024876,							"test0": 0,							"test1": 0,							"tangentType": "linear",							"angleExactly": 0,							"angle": -331.343283582089,							"angleinAEP": 36000						},						{							"time": 0.41044776119403,							"test0": 0,							"test1": 0,							"tangentType": "linear",							"angleExactly": 0,							"angle": -150.44776119403,							"angleinAEP": 36000						},						{							"time": 0.4228855721393,							"test0": 0,							"test1": 0,							"tangentType": "linear",							"angleExactly": 0,							"angle": -329.55223880597,							"angleinAEP": 36000						},						{							"time": 0.43532338308458,							"test0": 0,							"test1": 0,							"tangentType": "linear",							"angleExactly": 0,							"angle": -148.656716417911,							"angleinAEP": 36000						},						{							"time": 0.44776119402985,							"test0": 0,							"test1": 0,							"tangentType": "linear",							"angleExactly": 0,							"angle": -327.76119402985,							"angleinAEP": 36000						},						{							"time": 0.46019900497512,							"test0": 0,							"test1": 0,							"tangentType": "linear",							"angleExactly": 0,							"angle": -146.865671641791,							"angleinAEP": 36000						},						{							"time": 0.4726368159204,							"test0": 0,							"test1": 0,							"tangentType": "linear",							"angleExactly": 0,							"angle": -325.970149253732,							"angleinAEP": 36000						},						{							"time": 0.48507462686567,							"test0": 0,							"test1": 0,							"tangentType": "linear",							"angleExactly": 0,							"angle": -145.074626865671,							"angleinAEP": 36000						},						{							"time": 0.49751243781095,							"test0": 0,							"test1": 0,							"tangentType": "linear",							"angleExactly": 0,							"angle": -324.179104477612,							"angleinAEP": 36000						},						{							"time": 0.50995024875622,							"test0": 0,							"test1": 0,							"tangentType": "linear",							"angleExactly": 0,							"angle": -143.283582089553,							"angleinAEP": 36000						},						{							"time": 0.52238805970149,							"test0": 0,							"test1": 0,							"tangentType": "linear",							"angleExactly": 0,							"angle": -322.388059701492,							"angleinAEP": 36000						},						{							"time": 0.53482587064677,							"test0": 0,							"test1": 0,							"tangentType": "linear",							"angleExactly": 0,							"angle": -141.492537313433,							"angleinAEP": 36000						},						{							"time": 0.54726368159204,							"test0": 0,							"test1": 0,							"tangentType": "linear",							"angleExactly": 0,							"angle": -320.597014925374,							"angleinAEP": 36000						},						{							"time": 0.55970149253731,							"test0": 0,							"test1": 0,							"tangentType": "linear",							"angleExactly": 0,							"angle": -139.701492537313,							"angleinAEP": 36000						},						{							"time": 0.57213930348259,							"test0": 0,							"test1": 0,							"tangentType": "linear",							"angleExactly": 0,							"angle": -318.805970149253,							"angleinAEP": 36000						},						{							"time": 0.58457711442786,							"test0": 0,							"test1": 0,							"tangentType": "linear",							"angleExactly": 0,							"angle": -137.910447761195,							"angleinAEP": 36000						},						{							"time": 0.59701492537313,							"test0": 0,							"test1": 0,							"tangentType": "linear",							"angleExactly": 0,							"angle": -317.014925373134,							"angleinAEP": 36000						},						{							"time": 0.60945273631841,							"test0": 0,							"test1": 0,							"tangentType": "linear",							"angleExactly": 0,							"angle": -136.119402985074,							"angleinAEP": 36000						},						{							"time": 0.62189054726368,							"test0": 0,							"test1": 0,							"tangentType": "linear",							"angleExactly": 0,							"angle": -315.223880597016,							"angleinAEP": 36000						},						{							"time": 0.63432835820896,							"test0": 0,							"test1": 0,							"tangentType": "linear",							"angleExactly": 0,							"angle": -134.328358208955,							"angleinAEP": 36000						},						{							"time": 0.64676616915423,							"test0": 0,							"test1": 0,							"tangentType": "linear",							"angleExactly": 0,							"angle": -313.432835820895,							"angleinAEP": 36000						},						{							"time": 0.6592039800995,							"test0": 0,							"test1": 0,							"tangentType": "linear",							"angleExactly": 0,							"angle": -132.537313432837,							"angleinAEP": 36000						},						{							"time": 0.67164179104478,							"test0": 0,							"test1": 0,							"tangentType": "linear",							"angleExactly": 0,							"angle": -311.641791044776,							"angleinAEP": 36000						},						{							"time": 0.68407960199005,							"test0": 0,							"test1": 0,							"tangentType": "linear",							"angleExactly": 0,							"angle": -130.746268656716,							"angleinAEP": 36000						},						{							"time": 0.69651741293532,							"test0": 0,							"test1": 0,							"tangentType": "linear",							"angleExactly": 0,							"angle": -309.850746268658,							"angleinAEP": 36000						},						{							"time": 0.7089552238806,							"test0": 0,							"test1": 0,							"tangentType": "linear",							"angleExactly": 0,							"angle": -128.955223880597,							"angleinAEP": 36000						},						{							"time": 0.72139303482587,							"test0": 0,							"test1": 0,							"tangentType": "linear",							"angleExactly": 0,							"angle": -308.059701492537,							"angleinAEP": 36000						},						{							"time": 0.73383084577114,							"test0": 0,							"test1": 0,							"tangentType": "linear",							"angleExactly": 0,							"angle": -127.164179104477,							"angleinAEP": 36000						},						{							"time": 0.74626865671642,							"test0": 0,							"test1": 0,							"tangentType": "linear",							"angleExactly": 0,							"angle": -306.268656716418,							"angleinAEP": 36000						},						{							"time": 0.75870646766169,							"test0": 0,							"test1": 0,							"tangentType": "linear",							"angleExactly": 0,							"angle": -125.373134328358,							"angleinAEP": 36000						},						{							"time": 0.77114427860697,							"test0": 0,							"test1": 0,							"tangentType": "linear",							"angleExactly": 0,							"angle": -304.477611940298,							"angleinAEP": 36000						},						{							"time": 0.78358208955224,							"test0": 0,							"test1": 0,							"tangentType": "linear",							"angleExactly": 0,							"angle": -123.582089552239,							"angleinAEP": 36000						},						{							"time": 0.79601990049751,							"test0": 0,							"test1": 0,							"tangentType": "linear",							"angleExactly": 0,							"angle": -302.686567164179,							"angleinAEP": 36000						},						{							"time": 0.80845771144279,							"test0": 0,							"test1": 0,							"tangentType": "linear",							"angleExactly": 0,							"angle": -121.791044776119,							"angleinAEP": 36000						},						{							"time": 0.82089552238806,							"test0": 0,							"test1": 0,							"tangentType": "linear",							"angleExactly": 0,							"angle": -300.89552238806,							"angleinAEP": 36000						},						{							"time": 0.83333333333333,							"test0": 0,							"test1": 0,							"tangentType": "linear",							"angleExactly": 0,							"angle": -120,							"angleinAEP": 36000						},						{							"time": 0.84577114427861,							"test0": 0,							"test1": 0,							"tangentType": "linear",							"angleExactly": 0,							"angle": -299.10447761194,							"angleinAEP": 36000						},						{							"time": 0.85820895522388,							"test0": 0,							"test1": 0,							"tangentType": "linear",							"angleExactly": 0,							"angle": -118.208955223881,							"angleinAEP": 36000						},						{							"time": 0.87064676616915,							"test0": 0,							"test1": 0,							"tangentType": "linear",							"angleExactly": 0,							"angle": -297.313432835821,							"angleinAEP": 36000						},						{							"time": 0.88308457711443,							"test0": 0,							"test1": 0,							"tangentType": "linear",							"angleExactly": 0,							"angle": -116.417910447761,							"angleinAEP": 36000						},						{							"time": 0.8955223880597,							"test0": 0,							"test1": 0,							"tangentType": "linear",							"angleExactly": 0,							"angle": -295.5223880597,							"angleinAEP": 36000						},						{							"time": 0.90796019900498,							"test0": 0,							"test1": 0,							"tangentType": "linear",							"angleExactly": 0,							"angle": -114.626865671642,							"angleinAEP": 36000						},						{							"time": 0.92039800995025,							"test0": 0,							"test1": 0,							"tangentType": "linear",							"angleExactly": 0,							"angle": -293.731343283582,							"angleinAEP": 36000						},						{							"time": 0.93283582089552,							"test0": 0,							"test1": 0,							"tangentType": "linear",							"angleExactly": 0,							"angle": -112.835820895521,							"angleinAEP": 36000						},						{							"time": 0.9452736318408,							"test0": 0,							"test1": 0,							"tangentType": "linear",							"angleExactly": 0,							"angle": -291.940298507463,							"angleinAEP": 36000						},						{							"time": 0.95771144278607,							"test0": 0,							"test1": 0,							"tangentType": "linear",							"angleExactly": 0,							"angle": -111.044776119403,							"angleinAEP": 36000						},						{							"time": 0.97014925373134,							"test0": 0,							"test1": 0,							"tangentType": "linear",							"angleExactly": 0,							"angle": -290.149253731342,							"angleinAEP": 36000						},						{							"time": 0.98258706467662,							"test0": 0,							"test1": 0,							"tangentType": "linear",							"angleExactly": 0,							"angle": -109.253731343284,							"angleinAEP": 36000						},						{							"time": 0.99502487562189,							"test0": 0,							"test1": 0,							"tangentType": "linear",							"angleExactly": 0,							"angle": -288.358208955224,							"angleinAEP": 36000						},						{							"time": 1.00746268656716,							"test0": 0,							"test1": 0,							"tangentType": "linear",							"angleExactly": 0,							"angle": -107.462686567163,							"angleinAEP": 36000						},						{							"time": 1.01990049751244,							"test0": 0,							"test1": 0,							"tangentType": "linear",							"angleExactly": 0,							"angle": -286.567164179105,							"angleinAEP": 36000						},						{							"time": 1.03233830845771,							"test0": 0,							"test1": 0,							"tangentType": "linear",							"angleExactly": 0,							"angle": -105.671641791045,							"angleinAEP": 36000						},						{							"time": 1.04477611940299,							"test0": 0,							"test1": 0,							"tangentType": "linear",							"angleExactly": 0,							"angle": -284.776119402984,							"angleinAEP": 36000						},						{							"time": 1.05721393034826,							"test0": 0,							"test1": 0,							"tangentType": "linear",							"angleExactly": 0,							"angle": -103.880597014926,							"angleinAEP": 36000						},						{							"time": 1.06965174129353,							"test0": 0,							"test1": 0,							"tangentType": "linear",							"angleExactly": 0,							"angle": -282.985074626866,							"angleinAEP": 36000						},						{							"time": 1.08208955223881,							"test0": 0,							"test1": 0,							"tangentType": "linear",							"angleExactly": 0,							"angle": -102.089552238805,							"angleinAEP": 36000						},						{							"time": 1.09452736318408,							"test0": 0,							"test1": 0,							"tangentType": "linear",							"angleExactly": 0,							"angle": -281.194029850747,							"angleinAEP": 36000						},						{							"time": 1.10696517412935,							"test0": 0,							"test1": 0,							"tangentType": "linear",							"angleExactly": 0,							"angle": -100.298507462687,							"angleinAEP": 36000						},						{							"time": 1.11940298507463,							"test0": 0,							"test1": 0,							"tangentType": "linear",							"angleExactly": 0,							"angle": -279.402985074626,							"angleinAEP": 36000						},						{							"time": 1.1318407960199,							"test0": 0,							"test1": 0,							"tangentType": "linear",							"angleExactly": 0,							"angle": -98.5074626865662,							"angleinAEP": 36000						},						{							"time": 1.14427860696517,							"test0": 0,							"test1": 0,							"tangentType": "linear",							"angleExactly": 0,							"angle": -277.611940298506,							"angleinAEP": 36000						},						{							"time": 1.15671641791045,							"test0": 0,							"test1": 0,							"tangentType": "linear",							"angleExactly": 0,							"angle": -96.7164179104475,							"angleinAEP": 36000						},						{							"time": 1.16915422885572,							"test0": 0,							"test1": 0,							"tangentType": "linear",							"angleExactly": 0,							"angle": -275.820895522389,							"angleinAEP": 36000						},						{							"time": 1.181592039801,							"test0": 0,							"test1": 0,							"tangentType": "linear",							"angleExactly": 0,							"angle": -94.9253731343269,							"angleinAEP": 36000						},						{							"time": 1.19402985074627,							"test0": 0,							"test1": 0,							"tangentType": "linear",							"angleExactly": 0,							"angle": -274.029850746268,							"angleinAEP": 36000						},						{							"time": 1.20646766169154,							"test0": 0,							"test1": 0,							"tangentType": "linear",							"angleExactly": 0,							"angle": -93.13432835821,							"angleinAEP": 36000						},						{							"time": 1.21890547263682,							"test0": 0,							"test1": 0,							"tangentType": "linear",							"angleExactly": 0,							"angle": -272.238805970148,							"angleinAEP": 36000						},						{							"time": 1.23134328358209,							"test0": 0,							"test1": 0,							"tangentType": "linear",							"angleExactly": 0,							"angle": -91.3432835820895,							"angleinAEP": 36000						},						{							"time": 1.24378109452736,							"test0": 0,							"test1": 0,							"tangentType": "linear",							"angleExactly": 0,							"angle": -270.447761194031,							"angleinAEP": 36000						},						{							"time": 1.25621890547264,							"test0": 0,							"test1": 0,							"tangentType": "linear",							"angleExactly": 0,							"angle": -89.552238805969,							"angleinAEP": 36000						},						{							"time": 1.26865671641791,							"test0": 0,							"test1": 0,							"tangentType": "linear",							"angleExactly": 0,							"angle": -268.656716417911,							"angleinAEP": 36000						},						{							"time": 1.28109452736318,							"test0": 0,							"test1": 0,							"tangentType": "linear",							"angleExactly": 0,							"angle": -87.761194029852,							"angleinAEP": 36000						},						{							"time": 1.29353233830846,							"test0": 0,							"test1": 0,							"tangentType": "linear",							"angleExactly": 0,							"angle": -266.86567164179,							"angleinAEP": 36000						},						{							"time": 1.30597014925373,							"test0": 0,							"test1": 0,							"tangentType": "linear",							"angleExactly": 0,							"angle": -85.9701492537315,							"angleinAEP": 36000						},						{							"time": 1.31840796019901,							"test0": 0,							"test1": 0,							"tangentType": "linear",							"angleExactly": 0,							"angle": -265.074626865673,							"angleinAEP": 36000						},						{							"time": 1.33084577114428,							"test0": 0,							"test1": 0,							"tangentType": "linear",							"angleExactly": 0,							"angle": -84.179104477611,							"angleinAEP": 36000						},						{							"time": 1.34328358208955,							"test0": 0,							"test1": 0,							"tangentType": "linear",							"angleExactly": 0,							"angle": -263.283582089553,							"angleinAEP": 36000						},						{							"time": 1.35572139303483,							"test0": 0,							"test1": 0,							"tangentType": "linear",							"angleExactly": 0,							"angle": -82.3880597014941,							"angleinAEP": 36000						},						{							"time": 1.3681592039801,							"test0": 0,							"test1": 0,							"tangentType": "linear",							"angleExactly": 0,							"angle": -261.492537313432,							"angleinAEP": 36000						},						{							"time": 1.38059701492537,							"test0": 0,							"test1": 0,							"tangentType": "linear",							"angleExactly": 0,							"angle": -80.5970149253735,							"angleinAEP": 36000						},						{							"time": 1.39303482587065,							"test0": 0,							"test1": 0,							"tangentType": "linear",							"angleExactly": 0,							"angle": -259.701492537315,							"angleinAEP": 36000						},						{							"time": 1.40547263681592,							"test0": 0,							"test1": 0,							"tangentType": "linear",							"angleExactly": 0,							"angle": -78.805970149253,							"angleinAEP": 36000						},						{							"time": 1.41791044776119,							"test0": 0,							"test1": 0,							"tangentType": "linear",							"angleExactly": 0,							"angle": -257.910447761195,							"angleinAEP": 36000						},						{							"time": 1.43034825870647,							"test0": 0,							"test1": 0,							"tangentType": "linear",							"angleExactly": 0,							"angle": -77.0149253731324,							"angleinAEP": 36000						},						{							"time": 1.44278606965174,							"test0": 0,							"test1": 0,							"tangentType": "linear",							"angleExactly": 0,							"angle": -256.119402985074,							"angleinAEP": 36000						},						{							"time": 1.45522388059702,							"test0": 0,							"test1": 0,							"tangentType": "linear",							"angleExactly": 0,							"angle": -75.2238805970155,							"angleinAEP": 36000						},						{							"time": 1.46766169154229,							"test0": 0,							"test1": 0,							"tangentType": "linear",							"angleExactly": 0,							"angle": -254.328358208953,							"angleinAEP": 36000						},						{							"time": 1.48009950248756,							"test0": 0,							"test1": 0,							"tangentType": "linear",							"angleExactly": 0,							"angle": -73.432835820895,							"angleinAEP": 36000						},						{							"time": 1.49253731343284,							"test0": 0,							"test1": 0,							"tangentType": "linear",							"angleExactly": 0,							"angle": -252.537313432837,							"angleinAEP": 36000						},						{							"time": 1.50497512437811,							"test0": 0,							"test1": 0,							"tangentType": "linear",							"angleExactly": 0,							"angle": -71.6417910447744,							"angleinAEP": 36000						},						{							"time": 1.51741293532338,							"test0": 0,							"test1": 0,							"tangentType": "linear",							"angleExactly": 0,							"angle": -250.746268656716,							"angleinAEP": 36000						},						{							"time": 1.52985074626866,							"test0": 0,							"test1": 0,							"tangentType": "linear",							"angleExactly": 0,							"angle": -69.8507462686575,							"angleinAEP": 36000						},						{							"time": 1.54228855721393,							"test0": 0,							"test1": 0,							"tangentType": "linear",							"angleExactly": 0,							"angle": -248.955223880595,							"angleinAEP": 36000						},						{							"time": 1.5547263681592,							"test0": 0,							"test1": 0,							"tangentType": "linear",							"angleExactly": 0,							"angle": -68.059701492537,							"angleinAEP": 36000						},						{							"time": 1.56716417910448,							"test0": 0,							"test1": 0,							"tangentType": "linear",							"angleExactly": 0,							"angle": -247.164179104479,							"angleinAEP": 36000						},						{							"time": 1.57960199004975,							"test0": 0,							"test1": 0,							"tangentType": "linear",							"angleExactly": 0,							"angle": -66.2686567164164,							"angleinAEP": 36000						},						{							"time": 1.59203980099502,							"test0": 0,							"test1": 0,							"tangentType": "linear",							"angleExactly": 0,							"angle": -245.373134328358,							"angleinAEP": 36000						},						{							"time": 1.6044776119403,							"test0": 0,							"test1": 0,							"tangentType": "linear",							"angleExactly": 0,							"angle": -64.4776119402995,							"angleinAEP": 36000						},						{							"time": 1.61691542288557,							"test0": 0,							"test1": 0,							"tangentType": "linear",							"angleExactly": 0,							"angle": -243.582089552237,							"angleinAEP": 36000						},						{							"time": 1.62935323383085,							"test0": 0,							"test1": 0,							"tangentType": "linear",							"angleExactly": 0,							"angle": -62.686567164179,							"angleinAEP": 36000						},						{							"time": 1.64179104477612,							"test0": 0,							"test1": 0,							"tangentType": "linear",							"angleExactly": 0,							"angle": -241.791044776121,							"angleinAEP": 36000						},						{							"time": 1.65422885572139,							"test0": 0,							"test1": 0,							"tangentType": "linear",							"angleExactly": 0,							"angle": -60.8955223880585,							"angleinAEP": 36000						},						{							"time": 1.66666666666667,							"test0": 0,							"test1": 0,							"tangentType": "linear",							"angleExactly": 0,							"angle": -240,							"angleinAEP": 36000						},						{							"time": 1.67910447761194,							"test0": 0,							"test1": 0,							"tangentType": "linear",							"angleExactly": 0,							"angle": -59.1044776119415,							"angleinAEP": 36000						},						{							"time": 1.69154228855721,							"test0": 0,							"test1": 0,							"tangentType": "linear",							"angleExactly": 0,							"angle": -238.208955223879,							"angleinAEP": 36000						},						{							"time": 1.70398009950249,							"test0": 0,							"test1": 0,							"tangentType": "linear",							"angleExactly": 0,							"angle": -57.313432835821,							"angleinAEP": 36000						},						{							"time": 1.71641791044776,							"test0": 0,							"test1": 0,							"tangentType": "linear",							"angleExactly": 0,							"angle": -236.417910447763,							"angleinAEP": 36000						},						{							"time": 1.72885572139303,							"test0": 0,							"test1": 0,							"tangentType": "linear",							"angleExactly": 0,							"angle": -55.5223880597005,							"angleinAEP": 36000						},						{							"time": 1.74129353233831,							"test0": 0,							"test1": 0,							"tangentType": "linear",							"angleExactly": 0,							"angle": -234.626865671642,							"angleinAEP": 36000						},						{							"time": 1.75373134328358,							"test0": 0,							"test1": 0,							"tangentType": "linear",							"angleExactly": 0,							"angle": -53.7313432835836,							"angleinAEP": 36000						},						{							"time": 1.76616915422886,							"test0": 0,							"test1": 0,							"tangentType": "linear",							"angleExactly": 0,							"angle": -232.835820895521,							"angleinAEP": 36000						},						{							"time": 1.77860696517413,							"test0": 0,							"test1": 0,							"tangentType": "linear",							"angleExactly": 0,							"angle": -51.940298507463,							"angleinAEP": 36000						},						{							"time": 1.7910447761194,							"test0": 0,							"test1": 0,							"tangentType": "linear",							"angleExactly": 0,							"angle": -231.044776119401,							"angleinAEP": 36000						},						{							"time": 1.80348258706468,							"test0": 0,							"test1": 0,							"tangentType": "linear",							"angleExactly": 0,							"angle": -50.1492537313425,							"angleinAEP": 36000						},						{							"time": 1.81592039800995,							"test0": 0,							"test1": 0,							"tangentType": "linear",							"angleExactly": 0,							"angle": -229.253731343284,							"angleinAEP": 36000						},						{							"time": 1.82835820895522,							"test0": 0,							"test1": 0,							"tangentType": "linear",							"angleExactly": 0,							"angle": -48.3582089552219,							"angleinAEP": 36000						},						{							"time": 1.8407960199005,							"test0": 0,							"test1": 0,							"tangentType": "linear",							"angleExactly": 0,							"angle": -227.462686567163,							"angleinAEP": 36000						},						{							"time": 1.85323383084577,							"test0": 0,							"test1": 0,							"tangentType": "linear",							"angleExactly": 0,							"angle": -46.567164179105,							"angleinAEP": 36000						},						{							"time": 1.86567164179104,							"test0": 0,							"test1": 0,							"tangentType": "linear",							"angleExactly": 0,							"angle": -225.671641791043,							"angleinAEP": 36000						},						{							"time": 1.87810945273632,							"test0": 0,							"test1": 0,							"tangentType": "linear",							"angleExactly": 0,							"angle": -44.7761194029845,							"angleinAEP": 36000						},						{							"time": 1.89054726368159,							"test0": 0,							"test1": 0,							"tangentType": "linear",							"angleExactly": 0,							"angle": -223.880597014926,							"angleinAEP": 36000						},						{							"time": 1.90298507462687,							"test0": 0,							"test1": 0,							"tangentType": "linear",							"angleExactly": 0,							"angle": -42.9850746268639,							"angleinAEP": 36000						},						{							"time": 1.91542288557214,							"test0": 0,							"test1": 0,							"tangentType": "linear",							"angleExactly": 0,							"angle": -222.089552238805,							"angleinAEP": 36000						},						{							"time": 1.92786069651741,							"test0": 0,							"test1": 0,							"tangentType": "linear",							"angleExactly": 0,							"angle": -41.194029850747,							"angleinAEP": 36000						},						{							"time": 1.94029850746269,							"test0": 0,							"test1": 0,							"tangentType": "linear",							"angleExactly": 0,							"angle": -220.298507462685,							"angleinAEP": 36000						},						{							"time": 1.95273631840796,							"test0": 0,							"test1": 0,							"tangentType": "linear",							"angleExactly": 0,							"angle": -39.4029850746265,							"angleinAEP": 36000						},						{							"time": 1.96517412935323,							"test0": 0,							"test1": 0,							"tangentType": "linear",							"angleExactly": 0,							"angle": -218.507462686568,							"angleinAEP": 36000						},						{							"time": 1.97761194029851,							"test0": 0,							"test1": 0,							"tangentType": "linear",							"angleExactly": 0,							"angle": -37.6119402985059,							"angleinAEP": 36000						},						{							"time": 1.99004975124378,							"test0": 0,							"test1": 0,							"tangentType": "linear",							"angleExactly": 0,							"angle": -216.716417910447,							"angleinAEP": 36000						},						{							"time": 2.00248756218905,							"test0": 0,							"test1": 0,							"tangentType": "linear",							"angleExactly": 0,							"angle": -35.820895522389,							"angleinAEP": 36000						},						{							"time": 2.01492537313433,							"test0": 0,							"test1": 0,							"tangentType": "linear",							"angleExactly": 0,							"angle": -214.925373134327,							"angleinAEP": 36000						},						{							"time": 2.0273631840796,							"test0": 0,							"test1": 0,							"tangentType": "linear",							"angleExactly": 0,							"angle": -34.0298507462685,							"angleinAEP": 36000						},						{							"time": 2.03980099502488,							"test0": 0,							"test1": 0,							"tangentType": "linear",							"angleExactly": 0,							"angle": -213.13432835821,							"angleinAEP": 36000						},						{							"time": 2.05223880597015,							"test0": 0,							"test1": 0,							"tangentType": "linear",							"angleExactly": 0,							"angle": -32.238805970148,							"angleinAEP": 36000						},						{							"time": 2.06467661691542,							"test0": 0,							"test1": 0,							"tangentType": "linear",							"angleExactly": 0,							"angle": -211.343283582089,							"angleinAEP": 36000						},						{							"time": 2.0771144278607,							"test0": 0,							"test1": 0,							"tangentType": "linear",							"angleExactly": 0,							"angle": -30.447761194031,							"angleinAEP": 36000						},						{							"time": 2.08955223880597,							"test0": 0,							"test1": 0,							"tangentType": "linear",							"angleExactly": 0,							"angle": -209.552238805969,							"angleinAEP": 36000						},						{							"time": 2.10199004975124,							"test0": 0,							"test1": 0,							"tangentType": "linear",							"angleExactly": 0,							"angle": -28.6567164179105,							"angleinAEP": 36000						},						{							"time": 2.11442786069652,							"test0": 0,							"test1": 0,							"tangentType": "linear",							"angleExactly": 0,							"angle": -207.761194029852,							"angleinAEP": 36000						},						{							"time": 2.12686567164179,							"test0": 0,							"test1": 0,							"tangentType": "linear",							"angleExactly": 0,							"angle": -26.86567164179,							"angleinAEP": 36000						},						{							"time": 2.13930348258706,							"test0": 0,							"test1": 0,							"tangentType": "linear",							"angleExactly": 0,							"angle": -205.970149253732,							"angleinAEP": 36000						},						{							"time": 2.15174129353234,							"test0": 0,							"test1": 0,							"tangentType": "linear",							"angleExactly": 0,							"angle": -25.0746268656731,							"angleinAEP": 36000						},						{							"time": 2.16417910447761,							"test0": 0,							"test1": 0,							"tangentType": "linear",							"angleExactly": 0,							"angle": -204.179104477611,							"angleinAEP": 36000						},						{							"time": 2.17661691542289,							"test0": 0,							"test1": 0,							"tangentType": "linear",							"angleExactly": 0,							"angle": -23.2835820895525,							"angleinAEP": 36000						},						{							"time": 2.18905472636816,							"test0": 0,							"test1": 0,							"tangentType": "linear",							"angleExactly": 0,							"angle": -202.388059701494,							"angleinAEP": 36000						},						{							"time": 2.20149253731343,							"test0": 0,							"test1": 0,							"tangentType": "linear",							"angleExactly": 0,							"angle": -21.492537313432,							"angleinAEP": 36000						},						{							"time": 2.21393034825871,							"test0": 0,							"test1": 0,							"tangentType": "linear",							"angleExactly": 0,							"angle": -200.597014925374,							"angleinAEP": 36000						},						{							"time": 2.22636815920398,							"test0": 0,							"test1": 0,							"tangentType": "linear",							"angleExactly": 0,							"angle": -19.7014925373114,							"angleinAEP": 36000						},						{							"time": 2.23880597014925,							"test0": 0,							"test1": 0,							"tangentType": "linear",							"angleExactly": 0,							"angle": -198.805970149253,							"angleinAEP": 36000						},						{							"time": 2.25124378109453,							"test0": 0,							"test1": 0,							"tangentType": "linear",							"angleExactly": 0,							"angle": -17.9104477611945,							"angleinAEP": 36000						},						{							"time": 2.2636815920398,							"test0": 0,							"test1": 0,							"tangentType": "linear",							"angleExactly": 0,							"angle": -197.014925373132,							"angleinAEP": 36000						},						{							"time": 2.27611940298507,							"test0": 0,							"test1": 0,							"tangentType": "linear",							"angleExactly": 0,							"angle": -16.119402985074,							"angleinAEP": 36000						},						{							"time": 2.28855721393035,							"test0": 0,							"test1": 0,							"tangentType": "linear",							"angleExactly": 0,							"angle": -195.223880597012,							"angleinAEP": 36000						},						{							"time": 2.30099502487562,							"test0": 0,							"test1": 0,							"tangentType": "linear",							"angleExactly": 0,							"angle": -14.3283582089571,							"angleinAEP": 36000						},						{							"time": 2.3134328358209,							"test0": 0,							"test1": 0,							"tangentType": "linear",							"angleExactly": 0,							"angle": -193.432835820895,							"angleinAEP": 36000						},						{							"time": 2.32587064676617,							"test0": 0,							"test1": 0,							"tangentType": "linear",							"angleExactly": 0,							"angle": -12.5373134328329,							"angleinAEP": 36000						},						{							"time": 2.33830845771144,							"test0": 0,							"test1": 0,							"tangentType": "linear",							"angleExactly": 0,							"angle": -191.641791044778,							"angleinAEP": 36000						},						{							"time": 2.35074626865672,							"test0": 0,							"test1": 0,							"tangentType": "linear",							"angleExactly": 0,							"angle": -10.746268656716,							"angleinAEP": 36000						},						{							"time": 2.36318407960199,							"test0": 0,							"test1": 0,							"tangentType": "linear",							"angleExactly": 0,							"angle": -189.850746268654,							"angleinAEP": 36000						},						{							"time": 2.37562189054726,							"test0": 0,							"test1": 0,							"tangentType": "linear",							"angleExactly": 0,							"angle": -8.95522388059908,							"angleinAEP": 36000						},						{							"time": 2.38805970149254,							"test0": 0,							"test1": 0,							"tangentType": "linear",							"angleExactly": 0,							"angle": -188.059701492537,							"angleinAEP": 36000						},						{							"time": 2.40049751243781,							"test0": 0,							"test1": 0,							"tangentType": "linear",							"angleExactly": 0,							"angle": -7.1641791044749,							"angleinAEP": 36000						},						{							"time": 2.41293532338308,							"test0": 0,							"test1": 0,							"tangentType": "linear",							"angleExactly": 0,							"angle": -186.26865671642,							"angleinAEP": 36000						},						{							"time": 2.42537313432836,							"test0": 0,							"test1": 0,							"tangentType": "linear",							"angleExactly": 0,							"angle": -5.37313432835799,							"angleinAEP": 36000						},						{							"time": 2.43781094527363,							"test0": 0,							"test1": 0,							"tangentType": "linear",							"angleExactly": 0,							"angle": -184.477611940296,							"angleinAEP": 36000						},						{							"time": 2.45024875621891,							"test0": 0,							"test1": 0,							"tangentType": "linear",							"angleExactly": 0,							"angle": -3.58208955224109,							"angleinAEP": 36000						},						{							"time": 2.46268656716418,							"test0": 0,							"test1": 0,							"tangentType": "linear",							"angleExactly": 0,							"angle": -182.686567164179,							"angleinAEP": 36000						},						{							"time": 2.47512437810945,							"test0": 0,							"test1": 0,							"tangentType": "linear",							"angleExactly": 0,							"angle": -1.79104477611691,							"angleinAEP": 36000						},						{							"time": 2.48756218905473,							"test0": 0,							"test1": 0,							"tangentType": "linear",							"angleExactly": 0,							"angle": -180.895522388062,							"angleinAEP": 36000						},						{							"time": 2.5,							"test0": 0,							"test1": 0,							"tangentType": "linear",							"angleExactly": 0,							"angle": 0,							"angleinAEP": 36000						}					]				}			},			"slots": {							}		}	}}