{	"bones": [		{			"name": "root"		},		{			"name": "Achivement",			"parent": "root",			"enabled": true,			"x": 512,			"y": -488.5,			"comp": "Achivement",			"blendingMode": 5012,			"opacity": 100,			"anchorPoint": [				512,				488.5			],			"px": 512,			"py": 488.5		},		{			"name": "Coins",			"parent": "root",			"enabled": true,			"x": 88,			"y": -4.5,			"comp": "Coins",			"blendingMode": 5012,			"opacity": 100,			"anchorPoint": [				0,				0			],			"px": 0,			"py": 0		},		{			"name": "Lifes",			"parent": "root",			"enabled": true,			"x": 512,			"y": -488.5,			"comp": "Lifes",			"blendingMode": 5012,			"opacity": 100,			"anchorPoint": [				512,				488.5			],			"px": 512,			"py": 488.5		},		{			"name": "Loading",			"parent": "root",			"enabled": true,			"x": 512,			"y": -488.5,			"comp": "Loading",			"blendingMode": 5012,			"opacity": 100,			"anchorPoint": [				512,				488.5			],			"px": 512,			"py": 488.5		},		{			"name": "Menu",			"parent": "root",			"enabled": true,			"x": 512,			"y": -488.5,			"comp": "Menu",			"blendingMode": 5012,			"opacity": 100,			"anchorPoint": [				512,				488.5			],			"px": 512,			"py": 488.5		},		{			"name": "Achivement_Achievement",			"parent": "Achivement",			"enabled": true,			"x": 357.5,			"y": -313		},		{			"name": "Achivement_Fire_[1-15]",			"parent": "Achivement",			"enabled": true,			"x": 364,			"y": -328,			"scaleX": 1.5,			"scaleY": 1.5		},		{			"name": "Coins_Coin_Bar",			"parent": "Coins",			"enabled": true,			"x": 653.5,			"y": -101.5		},		{			"name": "Coins_Coin_Buy_normal",			"parent": "Coins",			"enabled": true,			"x": 797,			"y": -107.5		},		{			"name": "Coins_pointlightblue-vi",			"parent": "Coins",			"enabled": true,			"x": 407,			"y": -35.5,			"scaleX": 0.45,			"scaleY": 0.45		},		{			"name": "Lifes_Heart_Bar",			"parent": "Lifes",			"enabled": true,			"x": -248,			"y": 394		},		{			"name": "Lifes_Heart_Buy_normal",			"parent": "Lifes",			"enabled": true,			"x": -147.5,			"y": 387		},		{			"name": "Lifes_heart",			"parent": "Lifes",			"enabled": true,			"x": -363,			"y": 392		},		{			"name": "Lifes_pointlightpink-vi",			"parent": "Lifes",			"enabled": true,			"x": -369,			"y": 399,			"scaleX": 0.01,			"scaleY": 0.01		},		{			"name": "Loading_Loading",			"parent": "Loading",			"enabled": true,			"x": 357,			"y": 15.5		},		{			"name": "Menu_Close",			"parent": "Menu",			"enabled": true,			"x": 0,			"y": 0,			"comp": "Close",			"blendingMode": 5012,			"opacity": 100,			"anchorPoint": [				512,				488.5			],			"px": 512,			"py": 488.5		},		{			"name": "Menu_Credits",			"parent": "Menu",			"enabled": true,			"x": 0,			"y": 0,			"comp": "Credits",			"blendingMode": 5012,			"opacity": 100,			"anchorPoint": [				512,				488.5			],			"px": 512,			"py": 488.5		},		{			"name": "Menu_Play",			"parent": "Menu",			"enabled": true,			"x": 0,			"y": 0,			"comp": "Play",			"blendingMode": 5012,			"opacity": 100,			"anchorPoint": [				512,				488.5			],			"px": 512,			"py": 488.5		},		{			"name": "Menu_Setting",			"parent": "Menu",			"enabled": true,			"x": 0,			"y": 0,			"comp": "Setting",			"blendingMode": 5012,			"opacity": 100,			"anchorPoint": [				512,				488.5			],			"px": 512,			"py": 488.5		},		{			"name": "Menu_Shop",			"parent": "Menu",			"enabled": true,			"x": 0,			"y": 0,			"comp": "Shop",			"blendingMode": 5012,			"opacity": 100,			"anchorPoint": [				512,				488.5			],			"px": 512,			"py": 488.5		},		{			"name": "Menu_Title",			"parent": "Menu",			"enabled": true,			"x": 0,			"y": 0,			"comp": "Title",			"blendingMode": 5012,			"opacity": 100,			"anchorPoint": [				512,				488.5			],			"px": 512,			"py": 488.5		},		{			"name": "Menu_Close_Close",			"parent": "Menu_Close",			"enabled": true,			"x": 101.5,			"y": 187		},		{			"name": "Menu_Credits_Credits",			"parent": "Menu_Credits",			"enabled": true,			"x": -128,			"y": 30.5		},		{			"name": "Menu_Play_Play",			"parent": "Menu_Play",			"enabled": true,			"x": -128,			"y": -367.5		},		{			"name": "Menu_Setting_Setting",			"parent": "Menu_Setting",			"enabled": true,			"x": -128,			"y": -233.5		},		{			"name": "Menu_Shop_Shop",			"parent": "Menu_Shop",			"enabled": true,			"x": -128,			"y": -98.5		},		{			"name": "Menu_Title_BG",			"parent": "Menu_Title",			"enabled": true,			"x": -128.5,			"y": -98		},		{			"name": "Menu_Title_Ribbon",			"parent": "Menu_Title",			"enabled": true,			"x": -128,			"y": 169		},		{			"name": "Menu_Title_TextMainMenu",			"parent": "Menu_Title",			"enabled": true,			"x": -139.5,			"y": 189.5		}	],	"slots": [		{			"name": "Achivement_Achievement",			"bone": "Achivement_Achievement",			"attachment": "MenuUI-assets/MenuUI/Achievement"		},		{			"name": "Achivement_Fire_[1-15]",			"bone": "Achivement_Fire_[1-15]",			"attachment": "MenuUI-assets/ents/OneP/AssetStore%20Project/AE2Unity/AEPToUnity5Store/Assets/AEPToUnityAnimation/Demo/RawFile/Psd2UGUI/exportImage/Fire_1"		},		{			"name": "Loading_Loading",			"bone": "Loading_Loading",			"attachment": "MenuUI-assets/MenuUI/Loading"		},		{			"name": "Coins_Coin_Bar",			"bone": "Coins_Coin_Bar",			"attachment": "MenuUI-assets/MenuUI/Coin_Bar"		},		{			"name": "Coins_Coin_Buy_normal",			"bone": "Coins_Coin_Buy_normal",			"attachment": "MenuUI-assets/MenuUI/Coin_Buy_normal"		},		{			"name": "Coins_pointlightblue-vi",			"bone": "Coins_pointlightblue-vi",			"attachment": "MenuUI-assets/pointlightblue-vi",			"color": "FFFFFFcc"		},		{			"name": "Lifes_Heart_Bar",			"bone": "Lifes_Heart_Bar",			"attachment": "MenuUI-assets/MenuUI/Heart_Bar"		},		{			"name": "Lifes_heart",			"bone": "Lifes_heart",			"attachment": "MenuUI-assets/MenuUI/heart"		},		{			"name": "Lifes_Heart_Buy_normal",			"bone": "Lifes_Heart_Buy_normal",			"attachment": "MenuUI-assets/MenuUI/Heart_Buy_normal"		},		{			"name": "Lifes_pointlightpink-vi",			"bone": "Lifes_pointlightpink-vi",			"attachment": "MenuUI-assets/pointlightpink-vi"		},		{			"name": "Menu_Title_BG",			"bone": "Menu_Title_BG",			"attachment": "MenuUI-assets/MenuUI/BG"		},		{			"name": "Menu_Title_Ribbon",			"bone": "Menu_Title_Ribbon",			"attachment": "MenuUI-assets/MenuUI/Ribbon"		},		{			"name": "Menu_Title_TextMainMenu",			"bone": "Menu_Title_TextMainMenu",			"attachment": "MenuUI-assets/MenuUI/TextMainMenu"		},		{			"name": "Menu_Credits_Credits",			"bone": "Menu_Credits_Credits",			"attachment": "MenuUI-assets/MenuUI/Credits"		},		{			"name": "Menu_Close_Close",			"bone": "Menu_Close_Close",			"attachment": "MenuUI-assets/MenuUI/Close"		},		{			"name": "Menu_Shop_Shop",			"bone": "Menu_Shop_Shop",			"attachment": "MenuUI-assets/MenuUI/Shop"		},		{			"name": "Menu_Setting_Setting",			"bone": "Menu_Setting_Setting",			"attachment": "MenuUI-assets/MenuUI/Setting"		},		{			"name": "Menu_Play_Play",			"bone": "Menu_Play_Play",			"attachment": "MenuUI-assets/MenuUI/Play"		}	],	"skins": {		"default": {			"Achivement_Achievement": {				"MenuUI-assets/MenuUI/Achievement": {					"x": 0,					"y": 0,					"width": 265,					"height": 257				}			},			"Achivement_Fire_[1-15]": {				"MenuUI-assets/ents/OneP/AssetStore%20Project/AE2Unity/AEPToUnity5Store/Assets/AEPToUnityAnimation/Demo/RawFile/Psd2UGUI/exportImage/Fire_1": {					"x": 0,					"y": 0,					"width": 197,					"height": 199				},				"MenuUI-assets/ents/OneP/AssetStore%20Project/AE2Unity/AEPToUnity5Store/Assets/AEPToUnityAnimation/Demo/RawFile/Psd2UGUI/exportImage/Fire_10": {					"x": 0,					"y": 0,					"width": 197,					"height": 199				},				"MenuUI-assets/ents/OneP/AssetStore%20Project/AE2Unity/AEPToUnity5Store/Assets/AEPToUnityAnimation/Demo/RawFile/Psd2UGUI/exportImage/Fire_11": {					"x": 0,					"y": 0,					"width": 197,					"height": 199				},				"MenuUI-assets/ents/OneP/AssetStore%20Project/AE2Unity/AEPToUnity5Store/Assets/AEPToUnityAnimation/Demo/RawFile/Psd2UGUI/exportImage/Fire_12": {					"x": 0,					"y": 0,					"width": 197,					"height": 199				},				"MenuUI-assets/ents/OneP/AssetStore%20Project/AE2Unity/AEPToUnity5Store/Assets/AEPToUnityAnimation/Demo/RawFile/Psd2UGUI/exportImage/Fire_13": {					"x": 0,					"y": 0,					"width": 197,					"height": 199				},				"MenuUI-assets/ents/OneP/AssetStore%20Project/AE2Unity/AEPToUnity5Store/Assets/AEPToUnityAnimation/Demo/RawFile/Psd2UGUI/exportImage/Fire_14": {					"x": 0,					"y": 0,					"width": 197,					"height": 199				},				"MenuUI-assets/ents/OneP/AssetStore%20Project/AE2Unity/AEPToUnity5Store/Assets/AEPToUnityAnimation/Demo/RawFile/Psd2UGUI/exportImage/Fire_15": {					"x": 0,					"y": 0,					"width": 197,					"height": 199				},				"MenuUI-assets/ents/OneP/AssetStore%20Project/AE2Unity/AEPToUnity5Store/Assets/AEPToUnityAnimation/Demo/RawFile/Psd2UGUI/exportImage/Fire_2": {					"x": 0,					"y": 0,					"width": 197,					"height": 199				},				"MenuUI-assets/ents/OneP/AssetStore%20Project/AE2Unity/AEPToUnity5Store/Assets/AEPToUnityAnimation/Demo/RawFile/Psd2UGUI/exportImage/Fire_3": {					"x": 0,					"y": 0,					"width": 197,					"height": 199				},				"MenuUI-assets/ents/OneP/AssetStore%20Project/AE2Unity/AEPToUnity5Store/Assets/AEPToUnityAnimation/Demo/RawFile/Psd2UGUI/exportImage/Fire_4": {					"x": 0,					"y": 0,					"width": 197,					"height": 199				},				"MenuUI-assets/ents/OneP/AssetStore%20Project/AE2Unity/AEPToUnity5Store/Assets/AEPToUnityAnimation/Demo/RawFile/Psd2UGUI/exportImage/Fire_5": {					"x": 0,					"y": 0,					"width": 197,					"height": 199				},				"MenuUI-assets/ents/OneP/AssetStore%20Project/AE2Unity/AEPToUnity5Store/Assets/AEPToUnityAnimation/Demo/RawFile/Psd2UGUI/exportImage/Fire_6": {					"x": 0,					"y": 0,					"width": 197,					"height": 199				},				"MenuUI-assets/ents/OneP/AssetStore%20Project/AE2Unity/AEPToUnity5Store/Assets/AEPToUnityAnimation/Demo/RawFile/Psd2UGUI/exportImage/Fire_7": {					"x": 0,					"y": 0,					"width": 197,					"height": 199				},				"MenuUI-assets/ents/OneP/AssetStore%20Project/AE2Unity/AEPToUnity5Store/Assets/AEPToUnityAnimation/Demo/RawFile/Psd2UGUI/exportImage/Fire_8": {					"x": 0,					"y": 0,					"width": 197,					"height": 199				},				"MenuUI-assets/ents/OneP/AssetStore%20Project/AE2Unity/AEPToUnity5Store/Assets/AEPToUnityAnimation/Demo/RawFile/Psd2UGUI/exportImage/Fire_9": {					"x": 0,					"y": 0,					"width": 197,					"height": 199				}			},			"Coins_Coin_Bar": {				"MenuUI-assets/MenuUI/Coin_Bar": {					"x": 0,					"y": 0,					"width": 379,					"height": 167				}			},			"Coins_Coin_Buy_normal": {				"MenuUI-assets/MenuUI/Coin_Buy_normal": {					"x": 0,					"y": 0,					"width": 96,					"height": 99				}			},			"Coins_pointlightblue-vi": {				"MenuUI-assets/pointlightblue-vi": {					"x": 150,					"y": -127.5,					"width": 300,					"height": 255				}			},			"Lifes_Heart_Bar": {				"MenuUI-assets/MenuUI/Heart_Bar": {					"x": 0,					"y": 0,					"width": 286,					"height": 97				}			},			"Lifes_heart": {				"MenuUI-assets/MenuUI/heart": {					"x": 0,					"y": 0,					"width": 172,					"height": 157				}			},			"Lifes_Heart_Buy_normal": {				"MenuUI-assets/MenuUI/Heart_Buy_normal": {					"x": 0,					"y": 0,					"width": 97,					"height": 99				}			},			"Lifes_pointlightpink-vi": {				"MenuUI-assets/pointlightpink-vi": {					"x": 0,					"y": 0,					"width": 300,					"height": 255				}			},			"Loading_Loading": {				"MenuUI-assets/MenuUI/Loading": {					"x": 0,					"y": 0,					"width": 120,					"height": 120				}			},			"Menu_Close_Close": {				"MenuUI-assets/MenuUI/Close": {					"x": 0,					"y": 0,					"width": 53,					"height": 53				}			},			"Menu_Credits_Credits": {				"MenuUI-assets/MenuUI/Credits": {					"x": 0,					"y": 0,					"width": 292,					"height": 110				}			},			"Menu_Play_Play": {				"MenuUI-assets/MenuUI/Play": {					"x": 0,					"y": 0,					"width": 292,					"height": 110				}			},			"Menu_Setting_Setting": {				"MenuUI-assets/MenuUI/Setting": {					"x": 0,					"y": 0,					"width": 292,					"height": 110				}			},			"Menu_Shop_Shop": {				"MenuUI-assets/MenuUI/Shop": {					"x": 0,					"y": 0,					"width": 292,					"height": 110				}			},			"Menu_Title_BG": {				"MenuUI-assets/MenuUI/BG": {					"x": 0,					"y": 0,					"width": 541,					"height": 781				}			},			"Menu_Title_Ribbon": {				"MenuUI-assets/MenuUI/Ribbon": {					"x": 0,					"y": 0,					"width": 712,					"height": 143				}			},			"Menu_Title_TextMainMenu": {				"MenuUI-assets/MenuUI/TextMainMenu": {					"x": 0,					"y": 0,					"width": 259,					"height": 66				}			}		}	},	"animations": {		"animation": {			"bones": {				"Coins_pointlightblue-vi": {					"translate": [						{							"time": 0,							"x": 407,							"y": -35.5						},						{							"time": 0.1,							"x": 455,							"y": 22.5						},						{							"time": 0.2,							"x": 523,							"y": -1.5						},						{							"time": 0.43333333333333,							"x": 731,							"y": 0.5						},						{							"time": 0.56666666666667,							"x": 767,							"y": -41.5						},						{							"time": 0.7,							"x": 721,							"y": -81.5						},						{							"time": 0.93333333333333,							"x": 545,							"y": -79.5						},						{							"time": 1.03333333333333,							"x": 461,							"y": -113.5						},						{							"time": 1.2,							"x": 407,							"y": -35						}					]				},				"Lifes_pointlightpink-vi": {					"scale": [						{							"time": 0,							"x": 1,							"y": 1						},						{							"time": 1.7,							"x": 2,							"y": 2						},						{							"time": 2.3,							"x": 100,							"y": 100						},						{							"time": 3.03333333333333,							"x": 100,							"y": 100						},						{							"time": 3.8,							"x": 1,							"y": 1						}					],					"rotate": [						{							"time": 0,							"test0": 0,							"test1": 0,							"tangentType": "linear",							"angleExactly": 0,							"angle": 0,							"angleinAEP": 0						},						{							"time": 0.34545454545455,							"test0": 0,							"test1": 0,							"tangentType": "linear",							"angleExactly": 0,							"angle": -163.636363636364,							"angleinAEP": 1800						},						{							"time": 0.69090909090909,							"test0": 0,							"test1": 0,							"tangentType": "linear",							"angleExactly": 0,							"angle": -327.272727272727,							"angleinAEP": 1800						},						{							"time": 1.03636363636364,							"test0": 0,							"test1": 0,							"tangentType": "linear",							"angleExactly": 0,							"angle": -130.909090909091,							"angleinAEP": 1800						},						{							"time": 1.38181818181818,							"test0": 0,							"test1": 0,							"tangentType": "linear",							"angleExactly": 0,							"angle": -294.545454545455,							"angleinAEP": 1800						},						{							"time": 1.72727272727273,							"test0": 0,							"test1": 0,							"tangentType": "linear",							"angleExactly": 0,							"angle": -98.1818181818181,							"angleinAEP": 1800						},						{							"time": 2.07272727272727,							"test0": 0,							"test1": 0,							"tangentType": "linear",							"angleExactly": 0,							"angle": -261.818181818182,							"angleinAEP": 1800						},						{							"time": 2.41818181818182,							"test0": 0,							"test1": 0,							"tangentType": "linear",							"angleExactly": 0,							"angle": -65.4545454545455,							"angleinAEP": 1800						},						{							"time": 2.76363636363636,							"test0": 0,							"test1": 0,							"tangentType": "linear",							"angleExactly": 0,							"angle": -229.090909090909,							"angleinAEP": 1800						},						{							"time": 3.10909090909091,							"test0": 0,							"test1": 0,							"tangentType": "linear",							"angleExactly": 0,							"angle": -32.7272727272725,							"angleinAEP": 1800						},						{							"time": 3.45454545454545,							"test0": 0,							"test1": 0,							"tangentType": "linear",							"angleExactly": 0,							"angle": -196.363636363636,							"angleinAEP": 1800						},						{							"time": 3.8,							"test0": 0,							"test1": 0,							"tangentType": "linear",							"angleExactly": 0,							"angle": 0,							"angleinAEP": 1800						}					]				},				"Loading_Loading": {					"rotate": [						{							"time": 0,							"test0": 0,							"test1": 0,							"tangentType": "linear",							"angleExactly": 0,							"angle": 0,							"angleinAEP": 0						},						{							"time": 0.27777777777778,							"test0": 0,							"test1": 0,							"tangentType": "linear",							"angleExactly": 0,							"angle": -120,							"angleinAEP": 360						},						{							"time": 0.55555555555556,							"test0": 0,							"test1": 0,							"tangentType": "linear",							"angleExactly": 0,							"angle": -240,							"angleinAEP": 360						},						{							"time": 0.83333333333333,							"test0": 0,							"test1": 0,							"tangentType": "linear",							"angleExactly": 0,							"angle": 0,							"angleinAEP": 360						}					]				},				"Menu_Close_Close": {					"scale": [						{							"time": 0,							"x": 1,							"y": 1						},						{							"time": 2.5,							"x": 1,							"y": 1						},						{							"time": 2.7,							"x": 1.2,							"y": 1.2						},						{							"time": 2.93333333333333,							"x": 1,							"y": 1						}					]				},				"Menu_Credits_Credits": {					"rotate": [						{							"time": 0,							"test0": 0,							"test1": 0,							"tangentType": "linear",							"angleExactly": 0,							"angle": 0,							"angleinAEP": 0						},						{							"time": 0.46666666666667,							"test0": 0,							"test1": 0,							"tangentType": "linear",							"angleExactly": 0,							"angle": 0,							"angleinAEP": 0						},						{							"time": 0.56666666666667,							"test0": 0,							"test1": 0,							"tangentType": "linear",							"angleExactly": -4,							"angle": -4,							"angleinAEP": 4						},						{							"time": 0.66666666666667,							"test0": 0,							"test1": 0,							"tangentType": "linear",							"angleExactly": 4,							"angle": 4,							"angleinAEP": -4						},						{							"time": 0.83333333333333,							"test0": 0,							"test1": 0,							"tangentType": "linear",							"angleExactly": 0,							"angle": 0,							"angleinAEP": 0						}					]				},				"Menu_Setting_Setting": {					"scale": [						{							"time": 0,							"x": 1,							"y": 1						},						{							"time": 0.93333333333333,							"x": 1,							"y": 1						},						{							"time": 1.3,							"x": 1.05,							"y": 1.05						},						{							"time": 1.6,							"x": 1,							"y": 1						}					]				}			},			"slots": {				"Achivement_Fire_[1-15]": {					"attachment": [						{							"time": 0.03125,							"name": "MenuUI-assets/ents/OneP/AssetStore%20Project/AE2Unity/AEPToUnity5Store/Assets/AEPToUnityAnimation/Demo/RawFile/Psd2UGUI/exportImage/Fire_10"						},						{							"time": 0.0625,							"name": "MenuUI-assets/ents/OneP/AssetStore%20Project/AE2Unity/AEPToUnity5Store/Assets/AEPToUnityAnimation/Demo/RawFile/Psd2UGUI/exportImage/Fire_11"						},						{							"time": 0.09375,							"name": "MenuUI-assets/ents/OneP/AssetStore%20Project/AE2Unity/AEPToUnity5Store/Assets/AEPToUnityAnimation/Demo/RawFile/Psd2UGUI/exportImage/Fire_12"						},						{							"time": 0.125,							"name": "MenuUI-assets/ents/OneP/AssetStore%20Project/AE2Unity/AEPToUnity5Store/Assets/AEPToUnityAnimation/Demo/RawFile/Psd2UGUI/exportImage/Fire_13"						},						{							"time": 0.15625,							"name": "MenuUI-assets/ents/OneP/AssetStore%20Project/AE2Unity/AEPToUnity5Store/Assets/AEPToUnityAnimation/Demo/RawFile/Psd2UGUI/exportImage/Fire_14"						},						{							"time": 0.1875,							"name": "MenuUI-assets/ents/OneP/AssetStore%20Project/AE2Unity/AEPToUnity5Store/Assets/AEPToUnityAnimation/Demo/RawFile/Psd2UGUI/exportImage/Fire_15"						},						{							"time": 0.21875,							"name": "MenuUI-assets/ents/OneP/AssetStore%20Project/AE2Unity/AEPToUnity5Store/Assets/AEPToUnityAnimation/Demo/RawFile/Psd2UGUI/exportImage/Fire_2"						},						{							"time": 0.25,							"name": "MenuUI-assets/ents/OneP/AssetStore%20Project/AE2Unity/AEPToUnity5Store/Assets/AEPToUnityAnimation/Demo/RawFile/Psd2UGUI/exportImage/Fire_3"						},						{							"time": 0.28125,							"name": "MenuUI-assets/ents/OneP/AssetStore%20Project/AE2Unity/AEPToUnity5Store/Assets/AEPToUnityAnimation/Demo/RawFile/Psd2UGUI/exportImage/Fire_4"						},						{							"time": 0.3125,							"name": "MenuUI-assets/ents/OneP/AssetStore%20Project/AE2Unity/AEPToUnity5Store/Assets/AEPToUnityAnimation/Demo/RawFile/Psd2UGUI/exportImage/Fire_5"						},						{							"time": 0.34375,							"name": "MenuUI-assets/ents/OneP/AssetStore%20Project/AE2Unity/AEPToUnity5Store/Assets/AEPToUnityAnimation/Demo/RawFile/Psd2UGUI/exportImage/Fire_6"						},						{							"time": 0.375,							"name": "MenuUI-assets/ents/OneP/AssetStore%20Project/AE2Unity/AEPToUnity5Store/Assets/AEPToUnityAnimation/Demo/RawFile/Psd2UGUI/exportImage/Fire_7"						},						{							"time": 0.40625,							"name": "MenuUI-assets/ents/OneP/AssetStore%20Project/AE2Unity/AEPToUnity5Store/Assets/AEPToUnityAnimation/Demo/RawFile/Psd2UGUI/exportImage/Fire_8"						},						{							"time": 0.4375,							"name": "MenuUI-assets/ents/OneP/AssetStore%20Project/AE2Unity/AEPToUnity5Store/Assets/AEPToUnityAnimation/Demo/RawFile/Psd2UGUI/exportImage/Fire_9"						},						{							"time": 0.5,							"name": null						}					]				},				"Coins_pointlightblue-vi": {					"color": [						{							"time": 0,							"color": "FFFFFFcc"						},						{							"time": 0.2,							"color": "FFFFFFff"						},						{							"time": 0.66666666666667,							"color": "FFFFFFe6"						},						{							"time": 1.2,							"color": "FFFFFFff"						}					]				}			}		}	}}